<?xml version="1.0" encoding="UTF-8"?>

<site>

   <feature url="features/org.codehaus.groovy.eclipse.feature.source_2.9.2.xx-201702060947-e46.jar" id="org.codehaus.groovy.eclipse.feature.source" version="2.9.2.xx-201702060947-e46">
      <category name="org.codehaus.groovy.eclipse.sdk"/>
   </feature>

   <feature url="features/org.codehaus.groovy.jdt.patch.source_2.9.2.xx-201702060947-e46.jar" id="org.codehaus.groovy.jdt.patch.source" version="2.9.2.xx-201702060947-e46">
      <category name="org.codehaus.groovy.eclipse.sdk"/>
   </feature>

   <feature url="features/org.codehaus.groovy.eclipse.feature_2.9.2.xx-201702060947-e46.jar" id="org.codehaus.groovy.eclipse.feature" version="2.9.2.xx-201702060947-e46">
      <category name="org.codehaus.groovy.eclipse"/>
   </feature>

   <feature url="features/org.codehaus.groovy.jdt.patch_2.9.2.xx-201702060947-e46.jar" id="org.codehaus.groovy.jdt.patch" version="2.9.2.xx-201702060947-e46" patch="true"/>

   <feature url="features/org.codehaus.groovy18.feature_2.9.2.xx-201702060947-e46.jar" id="org.codehaus.groovy18.feature" version="2.9.2.xx-201702060947-e46">
      <category name="org.codehaus.groovy.compilers"/>
   </feature>

   <feature url="features/org.codehaus.groovy20.feature_2.9.2.xx-201702060947-e46.jar" id="org.codehaus.groovy20.feature" version="2.9.2.xx-201702060947-e46">
      <category name="org.codehaus.groovy.compilers"/>
   </feature>

   <feature url="features/org.codehaus.groovy21.feature_2.9.2.xx-201702060947-e46.jar" id="org.codehaus.groovy21.feature" version="2.9.2.xx-201702060947-e46">
      <category name="org.codehaus.groovy.compilers"/>
   </feature>

   <feature url="features/org.codehaus.groovy22.feature_2.9.2.xx-201702060947-e46.jar" id="org.codehaus.groovy22.feature" version="2.9.2.xx-201702060947-e46">
      <category name="org.codehaus.groovy.compilers"/>
   </feature>

   <feature url="features/org.codehaus.groovy23.feature_2.9.2.xx-201702060947-e46.jar" id="org.codehaus.groovy23.feature" version="2.9.2.xx-201702060947-e46">
      <category name="org.codehaus.groovy.compilers"/>
   </feature>

   <feature url="features/org.codehaus.groovy24.feature_2.9.2.xx-201702060947-e46.jar" id="org.codehaus.groovy24.feature" version="2.9.2.xx-201702060947-e46">
      <category name="org.codehaus.groovy.compilers"/>
   </feature>

   <feature url="features/org.codehaus.groovy.m2eclipse.feature_2.9.2.xx-201702060947-e46.jar" id="org.codehaus.groovy.m2eclipse.feature" version="2.9.2.xx-201702060947-e46">
      <category name="org.codehaus.groovy.m2eclipse"/>
   </feature>

   <category-def name="org.codehaus.groovy.eclipse.sdk" label="Groovy Eclipse SDK (Optional)">
      <description>
         Optional feature that provides source code for the Groovy-Eclipse plugin
      </description>
   </category-def>

   <category-def name="org.codehaus.groovy.eclipse" label="Groovy-Eclipse (Required)">
      <description>
         The required feature that provides Groovy support in Eclipse.
      </description>
   </category-def>

   <category-def name="org.codehaus.groovy.compilers" label="Extra Groovy compilers (Optional)">
      <description>
         The Groovy 2.1 compiler is installed automatically, but you may optionally install any other Groovy compiler as well.
      </description>
   </category-def>

   <category-def name="org.codehaus.groovy.m2eclipse" label="m2e Configurator for Groovy-Eclipse (Optional)">
      <description>
         Provides support for Groovy-Eclipse in m2eclipse. This is only compatible with m2eclipse v1.0 and greater.
      </description>
   </category-def>

</site>
